<?xml version="1.0"?>
<!-- generated on 2021-03-15 08:58:20.564673 by $Id: randomTrips.py 17235 2014-11-03 10:53:02Z behrisch $
  options: <doubleminus>net-file danang.net.xml <doubleminus>route-file danang.rou.xml <doubleminus>begin 0 <doubleminus>end 100 <doubleminus>length
-->
<trips>
    <trip id="0" depart="0.00" from="-408161669#6" to="676690824#0" />
    <trip id="1" depart="1.00" from="35950949#2" to="-479557597#0" />
    <trip id="2" depart="2.00" from="-676694432#2" to="-696204911#3" />
    <trip id="3" depart="3.00" from="372589047#0" to="-837325342#0" />
    <trip id="4" depart="4.00" from="118676395#0" to="-118609188#2" />
    <trip id="5" depart="5.00" from="-372471677#0" to="703791944#0" />
    <trip id="6" depart="6.00" from="689584199#0" to="696204911#5" />
    <trip id="7" depart="7.00" from="-479557597#3" to="-372460853" />
    <trip id="8" depart="8.00" from="-694757644#1" to="696461021" />
    <trip id="9" depart="9.00" from="-830713111#2" to="399595482#14" />
    <trip id="10" depart="10.00" from="895444723#1" to="-372471677#0" />
    <trip id="11" depart="11.00" from="610420095#2" to="-895444722" />
    <trip id="12" depart="12.00" from="676509078#1" to="-372171501" />
    <trip id="13" depart="13.00" from="-118609204#9" to="-408161669#10" />
    <trip id="14" depart="14.00" from="479557597#0" to="830713108#18" />
    <trip id="15" depart="15.00" from="-689583176#1" to="372204131#1" />
    <trip id="16" depart="16.00" from="-695040499" to="35950831#5" />
    <trip id="17" depart="17.00" from="-692315770" to="-35950952#34" />
    <trip id="18" depart="18.00" from="295408464#3" to="-372460856#0" />
    <trip id="19" depart="19.00" from="-693039063#1" to="657571086#2" />
    <trip id="20" depart="20.00" from="696204911#3" to="-35950951#1" />
    <trip id="21" depart="21.00" from="896394390" to="830713108#28" />
    <trip id="22" depart="22.00" from="118567888#0" to="-676690823#0" />
    <trip id="23" depart="23.00" from="-118568007#0" to="697004592" />
    <trip id="24" depart="24.00" from="-676694427" to="697813992" />
    <trip id="25" depart="25.00" from="-118676427#1" to="610420095#3" />
    <trip id="26" depart="26.00" from="-39354228#2" to="-118676427#3" />
    <trip id="27" depart="27.00" from="644313266#0" to="-830713114#4" />
    <trip id="28" depart="28.00" from="-479557597#3" to="832051898" />
    <trip id="29" depart="29.00" from="-35950952#13" to="404244075#1" />
    <trip id="30" depart="30.00" from="-372220804#8" to="-745983055" />
    <trip id="31" depart="31.00" from="-118609188#4" to="372471672#0" />
    <trip id="32" depart="32.00" from="-830713108#1" to="-118609198#0" />
    <trip id="33" depart="33.00" from="-372201366#0" to="-642059110#1" />
    <trip id="34" depart="34.00" from="372463007#1" to="693049879" />
    <trip id="35" depart="35.00" from="-372220804#8" to="35950883#1" />
    <trip id="36" depart="36.00" from="-118567495#3" to="295449628" />
    <trip id="37" depart="37.00" from="479557597#0" to="303615128#1" />
    <trip id="38" depart="38.00" from="-696348478" to="-372220804#7" />
    <trip id="39" depart="39.00" from="693406006#2" to="-896418273#0" />
    <trip id="40" depart="40.00" from="694768223#0" to="118609188#2" />
    <trip id="41" depart="41.00" from="35950835#0" to="404713996#1" />
    <trip id="42" depart="42.00" from="708543268#6" to="118609258#2" />
    <trip id="43" depart="43.00" from="295408465#0" to="-696204911#3" />
    <trip id="44" depart="44.00" from="717756679#1" to="-696204911#3" />
    <trip id="45" depart="45.00" from="-676509074#1" to="-479557597#0" />
    <trip id="46" depart="46.00" from="754061372" to="-689583677#1" />
    <trip id="47" depart="47.00" from="118609188#4" to="610420095#2" />
    <trip id="48" depart="48.00" from="-830570941" to="-372191629" />
    <trip id="49" depart="49.00" from="696348475" to="118567888#1" />
    <trip id="50" depart="50.00" from="118570836#0" to="-689583176#1" />
    <trip id="51" depart="51.00" from="-372471668#2" to="-694512223#6" />
    <trip id="52" depart="52.00" from="-641127057" to="-118568009#6" />
    <trip id="53" depart="53.00" from="895476846" to="118676357#1" />
    <trip id="54" depart="54.00" from="303615128#1" to="624457036#3" />
    <trip id="55" depart="55.00" from="479557597#0" to="479557597#3" />
    <trip id="56" depart="56.00" from="-374676028#1" to="700940429#0" />
    <trip id="57" depart="57.00" from="-488194348#0" to="295449633#0" />
    <trip id="58" depart="58.00" from="479557597#0" to="624451498#2" />
    <trip id="59" depart="59.00" from="479557597#0" to="-479557597#0" />
    <trip id="60" depart="60.00" from="408157380#10" to="-372471668#0" />
    <trip id="61" depart="61.00" from="-118614319" to="372171503" />
    <trip id="62" depart="62.00" from="-694512223#7" to="-479557597#0" />
    <trip id="63" depart="63.00" from="745983056#0" to="696348473" />
    <trip id="64" depart="64.00" from="-676690829#1" to="-371907294#0" />
    <trip id="65" depart="65.00" from="-408162776#9" to="303615132" />
    <trip id="66" depart="66.00" from="-35950952#22" to="693626042#5" />
    <trip id="67" depart="67.00" from="372460866#1" to="404713995#0" />
    <trip id="68" depart="68.00" from="404245980#1" to="694297236" />
    <trip id="69" depart="69.00" from="408157380#6" to="696461018" />
    <trip id="70" depart="70.00" from="828395777" to="676491483#1" />
    <trip id="71" depart="71.00" from="-408161671#2" to="657571086#1" />
    <trip id="72" depart="72.00" from="-754677576" to="-696204911#5" />
    <trip id="73" depart="73.00" from="693342517#0" to="479557597#3" />
    <trip id="74" depart="74.00" from="-118609188#5" to="-759043116#3" />
    <trip id="75" depart="75.00" from="-118609188#5" to="-118676395#0" />
    <trip id="76" depart="76.00" from="399595482#4" to="-641097559#0" />
    <trip id="77" depart="77.00" from="-676489596#0" to="118609204#9" />
    <trip id="78" depart="78.00" from="-118609293#3" to="895530656" />
    <trip id="79" depart="79.00" from="689583167#1" to="-118564767#0" />
    <trip id="80" depart="80.00" from="693342517#1" to="372220804#8" />
    <trip id="81" depart="81.00" from="-372471677#1" to="-118688839#7" />
    <trip id="82" depart="82.00" from="-656395452#0" to="372589050" />
    <trip id="83" depart="83.00" from="693558195#1" to="673151208#1" />
    <trip id="84" depart="84.00" from="372589031" to="118568008#0" />
    <trip id="85" depart="85.00" from="696696254" to="-303615123#13" />
    <trip id="86" depart="86.00" from="832051897" to="696348481" />
    <trip id="87" depart="87.00" from="693798191#0" to="641105243#0" />
    <trip id="88" depart="88.00" from="372589049#3" to="-642048875#7" />
    <trip id="89" depart="89.00" from="-830713111#9" to="-479557597#0" />
    <trip id="90" depart="90.00" from="373000241#1" to="-676149873#0" />
    <trip id="91" depart="91.00" from="408161669#7" to="-895520503#1" />
    <trip id="92" depart="92.00" from="-696737634" to="627389262#2" />
    <trip id="93" depart="93.00" from="-372471676" to="693049879" />
    <trip id="94" depart="94.00" from="755011702#0" to="-479557597#0" />
    <trip id="95" depart="95.00" from="830713108#15" to="689583178#1" />
    <trip id="96" depart="96.00" from="693104423" to="-118676427#3" />
    <trip id="97" depart="97.00" from="479557597#0" to="-479557597#0" />
    <trip id="98" depart="98.00" from="118564767#3" to="-710608100" />
    <trip id="99" depart="99.00" from="676509079" to="-118676404#3" />
</trips>