<?xml version="1.0" encoding="UTF-8"?>
<!-- generated on 2021-02-20 08:42:37.532971 by $Id$ UNKNOWN
  options: -n map.net.xml -e 1000 -o map.trips.xml
-->
<routes xmlns:xsi="http://www.w3.org/2001/XMLSchema-instance" xsi:noNamespaceSchemaLocation="http://sumo.dlr.de/xsd/routes_file.xsd">
    <trip id="0" depart="0.00" from="372471668#2" to="-118609198#0"/>
    <trip id="1" depart="1.00" from="-642054374" to="-408161671#3"/>
    <trip id="2" depart="2.00" from="624451498#2" to="408161669#17"/>
    <trip id="3" depart="3.00" from="696461021" to="-35950850#6"/>
    <trip id="4" depart="4.00" from="-831040123" to="-118609204#8"/>
    <trip id="5" depart="5.00" from="-404705781" to="303615123#9"/>
    <trip id="6" depart="6.00" from="-118609204#1" to="-399626766#10"/>
    <trip id="7" depart="7.00" from="372589029#1" to="35950951#17"/>
    <trip id="8" depart="8.00" from="-408157380#10" to="372220804#0"/>
    <trip id="9" depart="9.00" from="689583168#1" to="-118567888#1"/>
    <trip id="10" depart="10.00" from="676694432#2" to="488194349"/>
    <trip id="11" depart="11.00" from="-694512223#7" to="-372460855#3"/>
    <trip id="12" depart="12.00" from="830713110#2" to="-696204911#5"/>
    <trip id="13" depart="13.00" from="-35950914#12" to="-35950914#5"/>
    <trip id="14" depart="14.00" from="693626042#1" to="372460856#1"/>
    <trip id="15" depart="15.00" from="676710414" to="641097559#2"/>
    <trip id="16" depart="16.00" from="343236557#2" to="830713116#2"/>
    <trip id="17" depart="17.00" from="-828395769#0" to="35950952#13"/>
    <trip id="18" depart="18.00" from="693041585" to="372471676"/>
    <trip id="19" depart="19.00" from="694530227#16" to="372191360#2"/>
    <trip id="20" depart="20.00" from="408162776#1" to="-118676404#2"/>
    <trip id="21" depart="21.00" from="-408161669#16" to="-676690824#1"/>
    <trip id="22" depart="22.00" from="-35950831#5" to="-408162778#7"/>
    <trip id="23" depart="23.00" from="-35950951#1" to="-676491483#3"/>
    <trip id="24" depart="24.00" from="372460874#3" to="-830713108#20"/>
    <trip id="25" depart="25.00" from="-700940428#1" to="-404705781"/>
    <trip id="26" depart="26.00" from="-642035008" to="830570942#0"/>
    <trip id="27" depart="27.00" from="372471683#2" to="372460863"/>
    <trip id="28" depart="28.00" from="-372460874#4" to="641097559#0"/>
    <trip id="29" depart="29.00" from="-372460858#0" to="-830713111#2"/>
    <trip id="30" depart="30.00" from="895444726" to="374676028#1"/>
    <trip id="31" depart="31.00" from="35950914#16" to="408161672#4"/>
    <trip id="32" depart="32.00" from="693406007#0" to="676509078#3"/>
    <trip id="33" depart="33.00" from="-408161669#3" to="-118609258#3"/>
    <trip id="34" depart="34.00" from="-689583174#1" to="-676149873#14"/>
    <trip id="35" depart="35.00" from="-399626766#3" to="830713108#18"/>
    <trip id="36" depart="36.00" from="694808615#4" to="-693069683"/>
    <trip id="37" depart="37.00" from="372589049#1" to="-830713116#8"/>
    <trip id="38" depart="38.00" from="700940428#1" to="118614239#1"/>
    <trip id="39" depart="39.00" from="-642029119" to="-641105247"/>
    <trip id="40" depart="40.00" from="35950923#2" to="-673151207"/>
    <trip id="41" depart="41.00" from="35950952#22" to="698052686"/>
    <trip id="42" depart="42.00" from="-830713110#12" to="-408161669#4"/>
    <trip id="43" depart="43.00" from="895527942" to="344697505"/>
    <trip id="44" depart="44.00" from="-35950887" to="-118676427#1"/>
    <trip id="45" depart="45.00" from="-35950952#1" to="372589029#1"/>
    <trip id="46" depart="46.00" from="676690111#0" to="118567495#0"/>
    <trip id="47" depart="47.00" from="-295449619#1" to="-830713111#8"/>
    <trip id="48" depart="48.00" from="895520503#0" to="35950914#2"/>
    <trip id="49" depart="49.00" from="830713114#1" to="694768223#5"/>
    <trip id="50" depart="50.00" from="-118568008#3" to="624451499#5"/>
    <trip id="51" depart="51.00" from="399626766#9" to="35950930#0"/>
    <trip id="52" depart="52.00" from="-642035006#2" to="374676029#1"/>
    <trip id="53" depart="53.00" from="-35950952#13" to="118570832"/>
    <trip id="54" depart="54.00" from="118567894#1" to="830713110#13"/>
    <trip id="55" depart="55.00" from="694808615#2" to="-673151208#0"/>
    <trip id="56" depart="56.00" from="118685500#3" to="-372472124#0"/>
    <trip id="57" depart="57.00" from="699758094#1" to="696204911#2"/>
    <trip id="58" depart="58.00" from="-676509078#4" to="373360045#1"/>
    <trip id="59" depart="59.00" from="372193086" to="-372460845"/>
    <trip id="60" depart="60.00" from="642054372" to="35950949#0"/>
    <trip id="61" depart="61.00" from="676151425#2" to="35950914#5"/>
    <trip id="62" depart="62.00" from="-118564767#1" to="-694512223#2"/>
    <trip id="63" depart="63.00" from="-118572443#4" to="759043116#0"/>
    <trip id="64" depart="64.00" from="695040499" to="693626042#3"/>
    <trip id="65" depart="65.00" from="-676691456#3" to="-118777811#1"/>
    <trip id="66" depart="66.00" from="694838125" to="830713108#27"/>
    <trip id="67" depart="67.00" from="-35950850#4" to="149699498#6"/>
    <trip id="68" depart="68.00" from="-303615123#13" to="676149873#10"/>
    <trip id="69" depart="69.00" from="657571086#2" to="-371907292#12"/>
    <trip id="70" depart="70.00" from="118609204#7" to="35950952#0"/>
    <trip id="71" depart="71.00" from="-642029602" to="696348473"/>
    <trip id="72" depart="72.00" from="-832051898" to="-408157380#4"/>
    <trip id="73" depart="73.00" from="35950831#2" to="641097559#2"/>
    <trip id="74" depart="74.00" from="-375346548#1" to="-689583677#2"/>
    <trip id="75" depart="75.00" from="895483427" to="399595482#11"/>
    <trip id="76" depart="76.00" from="-895483305" to="35950850#0"/>
    <trip id="77" depart="77.00" from="-35950952#35" to="-408162776#0"/>
    <trip id="78" depart="78.00" from="-694512223#2" to="372204131#2"/>
    <trip id="79" depart="79.00" from="-408161669#6" to="-408161669#6"/>
    <trip id="80" depart="80.00" from="-303615123#4" to="372589037"/>
    <trip id="81" depart="81.00" from="-408161669#3" to="698936203#5"/>
    <trip id="82" depart="82.00" from="694530227#11" to="-303615123#5"/>
    <trip id="83" depart="83.00" from="-408162776#7" to="408157380#10"/>
    <trip id="84" depart="84.00" from="-399630441#1" to="-371907294#0"/>
    <trip id="85" depart="85.00" from="828395769#1" to="371907292#3"/>
    <trip id="86" depart="86.00" from="118609204#1" to="676691456#0"/>
    <trip id="87" depart="87.00" from="689583167#0" to="-374676030#1"/>
    <trip id="88" depart="88.00" from="-35950914#7" to="118568009#2"/>
    <trip id="89" depart="89.00" from="-837325342#0" to="118676427#3"/>
    <trip id="90" depart="90.00" from="624451486#1" to="408161669#1"/>
    <trip id="91" depart="91.00" from="895432909" to="-35950930#0"/>
    <trip id="92" depart="92.00" from="-830713110#7" to="-696735383#0"/>
    <trip id="93" depart="93.00" from="694530227#16" to="-641112951"/>
    <trip id="94" depart="94.00" from="-372589040#1" to="118609224#1"/>
    <trip id="95" depart="95.00" from="-830713116#9" to="-676494208"/>
    <trip id="96" depart="96.00" from="-610420095#2" to="717756679#10"/>
    <trip id="97" depart="97.00" from="-896383740#1" to="694800617"/>
    <trip id="98" depart="98.00" from="35950875#0" to="-118685500#0"/>
    <trip id="99" depart="99.00" from="896418273#0" to="694510925#1"/>
    <trip id="100" depart="100.00" from="830713113#6" to="717756679#8"/>
    <trip id="101" depart="101.00" from="693626042#4" to="-372463004#1"/>
    <trip id="102" depart="102.00" from="118609296#1" to="-408157380#9"/>
    <trip id="103" depart="103.00" from="-830713110#3" to="-118777811#3"/>
    <trip id="104" depart="104.00" from="-828395770#0" to="895444724#1"/>
    <trip id="105" depart="105.00" from="-642029602" to="676691455#3"/>
    <trip id="106" depart="106.00" from="118568007#0" to="118567495#2"/>
    <trip id="107" depart="107.00" from="830713110#2" to="895520503#1"/>
    <trip id="108" depart="108.00" from="35950914#13" to="624451498#2"/>
    <trip id="109" depart="109.00" from="-372433420#3" to="-676694428"/>
    <trip id="110" depart="110.00" from="830713113#6" to="372191628#1"/>
    <trip id="111" depart="111.00" from="35950832#1" to="642054365#1"/>
    <trip id="112" depart="112.00" from="-118688839#8" to="372201364#1"/>
    <trip id="113" depart="113.00" from="118685527" to="694571227"/>
    <trip id="114" depart="114.00" from="-372460851" to="830713111#7"/>
    <trip id="115" depart="115.00" from="-35950831#6" to="-372589049#2"/>
    <trip id="116" depart="116.00" from="371750790" to="408161669#14"/>
    <trip id="117" depart="117.00" from="-408162776#1" to="-35950952#31"/>
    <trip id="118" depart="118.00" from="696348482#0" to="-641105243#1"/>
    <trip id="119" depart="119.00" from="35950952#8" to="372471677#1"/>
    <trip id="120" depart="120.00" from="-830713116#3" to="372201364#0"/>
    <trip id="121" depart="121.00" from="295408465#3" to="828395773#0"/>
    <trip id="122" depart="122.00" from="-375346559" to="624451495"/>
    <trip id="123" depart="123.00" from="-408162776#9" to="-830713116#8"/>
    <trip id="124" depart="124.00" from="399595482#15" to="-676694655"/>
    <trip id="125" depart="125.00" from="-689583174#3" to="644313265"/>
    <trip id="126" depart="126.00" from="-303615123#8" to="118609300#1"/>
    <trip id="127" depart="127.00" from="896383740#1" to="895530656"/>
    <trip id="128" depart="128.00" from="-303615129#1" to="-408157380#7"/>
    <trip id="129" depart="129.00" from="-642029602" to="828395769#1"/>
    <trip id="130" depart="130.00" from="696204911#1" to="696348481"/>
    <trip id="131" depart="131.00" from="-700940427" to="-372460857#0"/>
    <trip id="132" depart="132.00" from="693104423#1" to="610420095#12"/>
    <trip id="133" depart="133.00" from="372201366#2" to="895446531"/>
    <trip id="134" depart="134.00" from="372589047#0" to="-118567894#0"/>
    <trip id="135" depart="135.00" from="689583176#0" to="-676694432#2"/>
    <trip id="136" depart="136.00" from="375346548#1" to="830713108#0"/>
    <trip id="137" depart="137.00" from="-372171504" to="-35950952#21"/>
    <trip id="138" depart="138.00" from="-35950951#4" to="35950952#16"/>
    <trip id="139" depart="139.00" from="-642048876" to="372460857#2"/>
    <trip id="140" depart="140.00" from="490639804#1" to="-399626766#6"/>
    <trip id="141" depart="141.00" from="372460870" to="-673151208#2"/>
    <trip id="142" depart="142.00" from="118614288#2" to="698936203#5"/>
    <trip id="143" depart="143.00" from="693558195#1" to="-35950914#1"/>
    <trip id="144" depart="144.00" from="-837325342#0" to="-676489597#4"/>
    <trip id="145" depart="145.00" from="-118567492#1" to="676491483#1"/>
    <trip id="146" depart="146.00" from="372463006#0" to="-673151177#0"/>
    <trip id="147" depart="147.00" from="624451501" to="35950952#12"/>
    <trip id="148" depart="148.00" from="-895422814" to="-118568007#1"/>
    <trip id="149" depart="149.00" from="-343236557#2" to="696461023"/>
    <trip id="150" depart="150.00" from="698052718" to="35950951#19"/>
    <trip id="151" depart="151.00" from="693342517#0" to="372194521"/>
    <trip id="152" depart="152.00" from="-372220804#1" to="-371907292#10"/>
    <trip id="153" depart="153.00" from="-676693210#0" to="698052720#0"/>
    <trip id="154" depart="154.00" from="676690827" to="694768223#5"/>
    <trip id="155" depart="155.00" from="696943479#1" to="-408157380#1"/>
    <trip id="156" depart="156.00" from="-610420095#12" to="-35950951#12"/>
    <trip id="157" depart="157.00" from="676489596#1" to="696692079"/>
    <trip id="158" depart="158.00" from="-830713111#7" to="372471678#1"/>
    <trip id="159" depart="159.00" from="-372433420#2" to="759043116#2"/>
    <trip id="160" depart="160.00" from="694530227#7" to="830713116#9"/>
    <trip id="161" depart="161.00" from="689583171#0" to="696461020"/>
    <trip id="162" depart="162.00" from="-118609198#0" to="641149055#1"/>
    <trip id="163" depart="163.00" from="-693761457" to="759043117"/>
    <trip id="164" depart="164.00" from="676693210#1" to="694808615#3"/>
    <trip id="165" depart="165.00" from="689583171#0" to="-676149873#12"/>
    <trip id="166" depart="166.00" from="676509076#0" to="-35950951#6"/>
    <trip id="167" depart="167.00" from="694768223#3" to="694768222#3"/>
    <trip id="168" depart="168.00" from="-408157380#6" to="693069684"/>
    <trip id="169" depart="169.00" from="118568009#6" to="-689583174#5"/>
    <trip id="170" depart="170.00" from="676690824#0" to="-408162776#6"/>
    <trip id="171" depart="171.00" from="-118609188#4" to="-375346548#2"/>
    <trip id="172" depart="172.00" from="-693342517#1" to="694808615#4"/>
    <trip id="173" depart="173.00" from="830713113#10" to="-676509072#1"/>
    <trip id="174" depart="174.00" from="372471676" to="-837325342#3"/>
    <trip id="175" depart="175.00" from="837325342#2" to="35950925#7"/>
    <trip id="176" depart="176.00" from="830570941" to="-35950952#21"/>
    <trip id="177" depart="177.00" from="830713114#0" to="-372472124#0"/>
    <trip id="178" depart="178.00" from="830713111#5" to="-676149873#1"/>
    <trip id="179" depart="179.00" from="-35950951#8" to="118570832"/>
    <trip id="180" depart="180.00" from="624451485#6" to="-693039063#0"/>
    <trip id="181" depart="181.00" from="372191628#0" to="35950831#2"/>
    <trip id="182" depart="182.00" from="-830713108#10" to="372191360#0"/>
    <trip id="183" depart="183.00" from="-641097559#0" to="624451485#2"/>
    <trip id="184" depart="184.00" from="-118567489#0" to="717756679#6"/>
    <trip id="185" depart="185.00" from="35950831#0" to="624451499#2"/>
    <trip id="186" depart="186.00" from="624457036#1" to="408157380#5"/>
    <trip id="187" depart="187.00" from="-697797455#1" to="-303615123#3"/>
    <trip id="188" depart="188.00" from="375346548#3" to="-694768223#2"/>
    <trip id="189" depart="189.00" from="-689583170#0" to="694530227#2"/>
    <trip id="190" depart="190.00" from="544443254" to="-676695262"/>
    <trip id="191" depart="191.00" from="-676694427" to="-895446531"/>
    <trip id="192" depart="192.00" from="-830713110#7" to="-676693210#1"/>
    <trip id="193" depart="193.00" from="-371907292#11" to="118567489#1"/>
    <trip id="194" depart="194.00" from="830570942#2" to="408161669#3"/>
    <trip id="195" depart="195.00" from="698051271" to="372463006#2"/>
    <trip id="196" depart="196.00" from="-676690111#1" to="35950951#5"/>
    <trip id="197" depart="197.00" from="-118564767#1" to="-676690112#1"/>
    <trip id="198" depart="198.00" from="-895444721#1" to="372193085#0"/>
    <trip id="199" depart="199.00" from="372589048" to="118676404#1"/>
    <trip id="200" depart="200.00" from="-895533151" to="-408157380#9"/>
    <trip id="201" depart="201.00" from="118609204#2" to="698762088"/>
    <trip id="202" depart="202.00" from="676690824#1" to="-372471668#3"/>
    <trip id="203" depart="203.00" from="-35950850#2" to="35950835#1"/>
    <trip id="204" depart="204.00" from="372460864" to="-696204911#1"/>
    <trip id="205" depart="205.00" from="689583176#3" to="642059110#0"/>
    <trip id="206" depart="206.00" from="399595482#3" to="-408162776#0"/>
    <trip id="207" depart="207.00" from="-374676030#1" to="-118609188#5"/>
    <trip id="208" depart="208.00" from="-408162779#2" to="118688839#2"/>
    <trip id="209" depart="209.00" from="693798191#0" to="-303615129#0"/>
    <trip id="210" depart="210.00" from="-830713114#1" to="372589034"/>
    <trip id="211" depart="211.00" from="-372986673#0" to="408162779#4"/>
    <trip id="212" depart="212.00" from="118676404#1" to="-641093017"/>
    <trip id="213" depart="213.00" from="372589049#3" to="-118567495#3"/>
    <trip id="214" depart="214.00" from="641109023#1" to="676489597#3"/>
    <trip id="215" depart="215.00" from="-35950951#3" to="118567888#2"/>
    <trip id="216" depart="216.00" from="-372471671#0" to="830713111#0"/>
    <trip id="217" depart="217.00" from="256668740#0" to="-118685500#0"/>
    <trip id="218" depart="218.00" from="-610420095#11" to="694530227#3"/>
    <trip id="219" depart="219.00" from="118568008#2" to="689583176#2"/>
    <trip id="220" depart="220.00" from="39354228#3" to="895449356"/>
    <trip id="221" depart="221.00" from="371906754#0" to="830713108#7"/>
    <trip id="222" depart="222.00" from="696461019" to="372460874#3"/>
    <trip id="223" depart="223.00" from="490639807#2" to="303615123#7"/>
    <trip id="224" depart="224.00" from="693049882" to="35950951#5"/>
    <trip id="225" depart="225.00" from="696735383#0" to="642048875#0"/>
    <trip id="226" depart="226.00" from="118609204#6" to="-642054372"/>
    <trip id="227" depart="227.00" from="-488194348#1" to="373000241#1"/>
    <trip id="228" depart="228.00" from="657571086#2" to="35950861#0"/>
    <trip id="229" depart="229.00" from="372460856#0" to="-676489596#3"/>
    <trip id="230" depart="230.00" from="-35950831#0" to="-676690111#0"/>
    <trip id="231" depart="231.00" from="-642048875#6" to="-693393716"/>
    <trip id="232" depart="232.00" from="35950831#4" to="-372193085#2"/>
    <trip id="233" depart="233.00" from="-408161669#9" to="408162778#8"/>
    <trip id="234" depart="234.00" from="408162776#4" to="-295449620"/>
    <trip id="235" depart="235.00" from="-830713112#0" to="35950951#12"/>
    <trip id="236" depart="236.00" from="-830713114#4" to="-404244075#2"/>
    <trip id="237" depart="237.00" from="-830713116#5" to="698936203#4"/>
    <trip id="238" depart="238.00" from="35950952#20" to="408162779#2"/>
    <trip id="239" depart="239.00" from="694512223#6" to="676151425#1"/>
    <trip id="240" depart="240.00" from="-828395773#0" to="-118567886"/>
    <trip id="241" depart="241.00" from="-694838125" to="657571086#3"/>
    <trip id="242" depart="242.00" from="694512223#11" to="830713110#12"/>
    <trip id="243" depart="243.00" from="-830713116#2" to="642054365#0"/>
    <trip id="244" depart="244.00" from="35950850#1" to="372460856#0"/>
    <trip id="245" depart="245.00" from="-408157380#10" to="-408161669#4"/>
    <trip id="246" depart="246.00" from="-895466635" to="-118609204#6"/>
    <trip id="247" depart="247.00" from="-694512223#11" to="408161669#8"/>
    <trip id="248" depart="248.00" from="-830713111#2" to="-372460874#1"/>
    <trip id="249" depart="249.00" from="118573604#1" to="-371907292#10"/>
    <trip id="250" depart="250.00" from="372433420#2" to="-118609204#1"/>
    <trip id="251" depart="251.00" from="-830713108#30" to="35950952#5"/>
    <trip id="252" depart="252.00" from="-118609204#2" to="375344070"/>
    <trip id="253" depart="253.00" from="-372191361#0" to="118674601#1"/>
    <trip id="254" depart="254.00" from="-118685500#2" to="-830713111#1"/>
    <trip id="255" depart="255.00" from="-399626766#5" to="-694512223#8"/>
    <trip id="256" depart="256.00" from="642052023" to="-830713111#2"/>
    <trip id="257" depart="257.00" from="641112951" to="693626042#4"/>
    <trip id="258" depart="258.00" from="-610420095#8" to="-35950832#2"/>
    <trip id="259" depart="259.00" from="-118572443#4" to="35950949#0"/>
    <trip id="260" depart="260.00" from="904930714" to="-759043116#0"/>
    <trip id="261" depart="261.00" from="372589030" to="676690824#0"/>
    <trip id="262" depart="262.00" from="372589033#1" to="673151176"/>
    <trip id="263" depart="263.00" from="830713108#27" to="-399626766#11"/>
    <trip id="264" depart="264.00" from="-118573599" to="-372433420#2"/>
    <trip id="265" depart="265.00" from="-371907292#0" to="408157380#2"/>
    <trip id="266" depart="266.00" from="35950925#4" to="-408161669#16"/>
    <trip id="267" depart="267.00" from="408161671#1" to="676489595"/>
    <trip id="268" depart="268.00" from="-372460864" to="372460860#2"/>
    <trip id="269" depart="269.00" from="641097559#0" to="-35950952#2"/>
    <trip id="270" depart="270.00" from="689583176#5" to="830713113#10"/>
    <trip id="271" depart="271.00" from="-35950951#7" to="-118609198#1"/>
    <trip id="272" depart="272.00" from="-676694432#2" to="408161669#3"/>
    <trip id="273" depart="273.00" from="830713110#4" to="-831040090"/>
    <trip id="274" depart="274.00" from="408162779#4" to="-343237264#1"/>
    <trip id="275" depart="275.00" from="408157380#8" to="372589029#0"/>
    <trip id="276" depart="276.00" from="-35950951#11" to="676509072#0"/>
    <trip id="277" depart="277.00" from="694510925#0" to="372460854"/>
    <trip id="278" depart="278.00" from="-35950952#35" to="895444014"/>
    <trip id="279" depart="279.00" from="676489597#3" to="-700940430#0"/>
    <trip id="280" depart="280.00" from="-895436419#0" to="-830713108#6"/>
    <trip id="281" depart="281.00" from="118688839#6" to="-697797455#0"/>
    <trip id="282" depart="282.00" from="693798191#0" to="693366433#1"/>
    <trip id="283" depart="283.00" from="-35950951#2" to="830713111#7"/>
    <trip id="284" depart="284.00" from="372460874#3" to="693558195#1"/>
    <trip id="285" depart="285.00" from="408162776#6" to="118570836#1"/>
    <trip id="286" depart="286.00" from="624451494#0" to="830713113#3"/>
    <trip id="287" depart="287.00" from="-642048875#2" to="689583677#1"/>
    <trip id="288" depart="288.00" from="344697593#1" to="149699495#1"/>
    <trip id="289" depart="289.00" from="-895466635" to="641105243#2"/>
    <trip id="290" depart="290.00" from="-642047580#1" to="694551506"/>
    <trip id="291" depart="291.00" from="693049883#0" to="-35950850#5"/>
    <trip id="292" depart="292.00" from="696204911#3" to="-641093017"/>
    <trip id="293" depart="293.00" from="118572443#3" to="372460867"/>
    <trip id="294" depart="294.00" from="-828395770#0" to="-118609204#5"/>
    <trip id="295" depart="295.00" from="694510925#1" to="-372589033#1"/>
    <trip id="296" depart="296.00" from="-399626766#6" to="689583174#2"/>
    <trip id="297" depart="297.00" from="-694512223#7" to="696348482#1"/>
    <trip id="298" depart="298.00" from="408161671#5" to="-676489597#3"/>
    <trip id="299" depart="299.00" from="-118568008#0" to="830713108#3"/>
    <trip id="300" depart="300.00" from="-35950850#4" to="624451499#3"/>
    <trip id="301" depart="301.00" from="118614288#3" to="673151208#3"/>
    <trip id="302" depart="302.00" from="408157380#8" to="375346556"/>
    <trip id="303" depart="303.00" from="118674601#2" to="689583168#1"/>
    <trip id="304" depart="304.00" from="-35950914#12" to="-408161669#9"/>
    <trip id="305" depart="305.00" from="408161669#0" to="-689583176#2"/>
    <trip id="306" depart="306.00" from="35950952#15" to="118685500#8"/>
    <trip id="307" depart="307.00" from="303615123#4" to="118567893"/>
    <trip id="308" depart="308.00" from="641073883#6" to="-694768223#3"/>
    <trip id="309" depart="309.00" from="408161672#2" to="-676149873#9"/>
    <trip id="310" depart="310.00" from="-610420095#6" to="-35950952#33"/>
    <trip id="311" depart="311.00" from="-372589049#2" to="-35950952#30"/>
    <trip id="312" depart="312.00" from="343236557#1" to="676149873#14"/>
    <trip id="313" depart="313.00" from="-372589029#0" to="-408161669#12"/>
    <trip id="314" depart="314.00" from="118609293#1" to="624457036#3"/>
    <trip id="315" depart="315.00" from="830713116#5" to="35950883#4"/>
    <trip id="316" depart="316.00" from="-676149873#11" to="-35950930#5"/>
    <trip id="317" depart="317.00" from="-372986672" to="-408162776#6"/>
    <trip id="318" depart="318.00" from="-372471679#0" to="-118568009#5"/>
    <trip id="319" depart="319.00" from="303615133" to="-676489596#3"/>
    <trip id="320" depart="320.00" from="830713115#2" to="35950952#16"/>
    <trip id="321" depart="321.00" from="408161669#6" to="-371750790"/>
    <trip id="322" depart="322.00" from="694768221#2" to="256668740#2"/>
    <trip id="323" depart="323.00" from="694768223#4" to="371907294#1"/>
    <trip id="324" depart="324.00" from="118609188#4" to="118609188#1"/>
    <trip id="325" depart="325.00" from="-372472124#0" to="-118685500#2"/>
    <trip id="326" depart="326.00" from="830570948" to="118688839#8"/>
    <trip id="327" depart="327.00" from="689583178#1" to="-837325342#5"/>
    <trip id="328" depart="328.00" from="-303615143" to="372589033#1"/>
    <trip id="329" depart="329.00" from="-118685550" to="-372220805#0"/>
    <trip id="330" depart="330.00" from="35950925#2" to="-689583174#2"/>
    <trip id="331" depart="331.00" from="895482654#0" to="-35950952#28"/>
    <trip id="332" depart="332.00" from="644313265" to="372460859"/>
    <trip id="333" depart="333.00" from="676509078#6" to="-408162776#10"/>
    <trip id="334" depart="334.00" from="295408465#2" to="118609258#3"/>
    <trip id="335" depart="335.00" from="-896383740#0" to="694768223#3"/>
    <trip id="336" depart="336.00" from="895446531" to="-689583176#0"/>
    <trip id="337" depart="337.00" from="372220805#4" to="372460864"/>
    <trip id="338" depart="338.00" from="624451499#8" to="830713108#29"/>
    <trip id="339" depart="339.00" from="-399626766#10" to="-408157380#2"/>
    <trip id="340" depart="340.00" from="374676029#1" to="-372460856#1"/>
    <trip id="341" depart="341.00" from="-372463006#2" to="-343236557#1"/>
    <trip id="342" depart="342.00" from="-118567489#2" to="118609258#3"/>
    <trip id="343" depart="343.00" from="35950952#7" to="-676691453"/>
    <trip id="344" depart="344.00" from="-408161669#9" to="624451484#0"/>
    <trip id="345" depart="345.00" from="408161672#3" to="118609278#0"/>
    <trip id="346" depart="346.00" from="408157380#1" to="717756679#2"/>
    <trip id="347" depart="347.00" from="676509076#1" to="372471683#1"/>
    <trip id="348" depart="348.00" from="374676030#1" to="828395770#0"/>
    <trip id="349" depart="349.00" from="-837325342#4" to="35950951#16"/>
    <trip id="350" depart="350.00" from="372471683#1" to="699758093#2"/>
    <trip id="351" depart="351.00" from="689584199#2" to="-303615123#6"/>
    <trip id="352" depart="352.00" from="-372460860#3" to="-689583176#5"/>
    <trip id="353" depart="353.00" from="641097559#2" to="371907292#11"/>
    <trip id="354" depart="354.00" from="-676151425#3" to="-35950952#5"/>
    <trip id="355" depart="355.00" from="408157380#3" to="490639804#1"/>
    <trip id="356" depart="356.00" from="830713108#11" to="303615123#10"/>
    <trip id="357" depart="357.00" from="118676404#0" to="-35950831#7"/>
    <trip id="358" depart="358.00" from="-118614288#3" to="118568009#4"/>
    <trip id="359" depart="359.00" from="-689583178#4" to="-641402364"/>
    <trip id="360" depart="360.00" from="-35950914#0" to="830713112#0"/>
    <trip id="361" depart="361.00" from="693345154#0" to="372013197#0"/>
    <trip id="362" depart="362.00" from="830713108#3" to="904930714"/>
    <trip id="363" depart="363.00" from="399595482#2" to="-676149873#6"/>
    <trip id="364" depart="364.00" from="-118614319" to="673151207"/>
    <trip id="365" depart="365.00" from="118609198#0" to="399595482#15"/>
    <trip id="366" depart="366.00" from="700940430#0" to="-372589033#0"/>
    <trip id="367" depart="367.00" from="35950952#24" to="372589049#3"/>
    <trip id="368" depart="368.00" from="118676357#0" to="-35950887"/>
    <trip id="369" depart="369.00" from="-694768223#3" to="-694817191"/>
    <trip id="370" depart="370.00" from="399595482#11" to="694768222#1"/>
    <trip id="371" depart="371.00" from="-693345154#1" to="408162778#8"/>
    <trip id="372" depart="372.00" from="-676151425#2" to="830713108#23"/>
    <trip id="373" depart="373.00" from="689583174#0" to="35950952#0"/>
    <trip id="374" depart="374.00" from="118567894#3" to="-693069683"/>
    <trip id="375" depart="375.00" from="-689583677#2" to="830713114#4"/>
    <trip id="376" depart="376.00" from="-830713111#1" to="35950832#2"/>
    <trip id="377" depart="377.00" from="895444724#0" to="399626766#14"/>
    <trip id="378" depart="378.00" from="35950832#2" to="-895483427"/>
    <trip id="379" depart="379.00" from="-372589033#1" to="-830713108#13"/>
    <trip id="380" depart="380.00" from="642047580#1" to="372471683#2"/>
    <trip id="381" depart="381.00" from="642048875#7" to="-399626766#6"/>
    <trip id="382" depart="382.00" from="35950861#0" to="754061371"/>
    <trip id="383" depart="383.00" from="-895483305" to="488194349"/>
    <trip id="384" depart="384.00" from="-35950952#36" to="830713116#2"/>
    <trip id="385" depart="385.00" from="372193086" to="-610420095#2"/>
    <trip id="386" depart="386.00" from="-372460853" to="35950952#10"/>
    <trip id="387" depart="387.00" from="35950883#2" to="-35950914#12"/>
    <trip id="388" depart="388.00" from="895477503" to="703780448#0"/>
    <trip id="389" depart="389.00" from="118570174#0" to="-35950952#26"/>
    <trip id="390" depart="390.00" from="693052281" to="295449645"/>
    <trip id="391" depart="391.00" from="490639803#1" to="343237264#1"/>
    <trip id="392" depart="392.00" from="-642054365#1" to="694506239"/>
    <trip id="393" depart="393.00" from="832051898" to="-641093016"/>
    <trip id="394" depart="394.00" from="35950883#0" to="-830713112#4"/>
    <trip id="395" depart="395.00" from="703791944#3" to="343236557#2"/>
    <trip id="396" depart="396.00" from="695511628#0" to="694808615#3"/>
    <trip id="397" depart="397.00" from="-642059108" to="676694432#2"/>
    <trip id="398" depart="398.00" from="-830713114#2" to="828395771"/>
    <trip id="399" depart="399.00" from="118777811#0" to="693345156"/>
    <trip id="400" depart="400.00" from="-676149873#11" to="-676694432#0"/>
    <trip id="401" depart="401.00" from="35950952#28" to="896418519"/>
    <trip id="402" depart="402.00" from="118674596#1" to="-372220804#7"/>
    <trip id="403" depart="403.00" from="35950831#0" to="-700940427"/>
    <trip id="404" depart="404.00" from="35950883#1" to="35950951#14"/>
    <trip id="405" depart="405.00" from="118568007#1" to="-694512223#10"/>
    <trip id="406" depart="406.00" from="-372589035" to="488194348#0"/>
    <trip id="407" depart="407.00" from="35950951#13" to="-408162778#9"/>
    <trip id="408" depart="408.00" from="676149873#4" to="-118676368#0"/>
    <trip id="409" depart="409.00" from="641073883#3" to="610420095#6"/>
    <trip id="410" depart="410.00" from="689583172" to="-830713113#4"/>
    <trip id="411" depart="411.00" from="375346548#2" to="693345156"/>
    <trip id="412" depart="412.00" from="837325342#1" to="295408465#4"/>
    <trip id="413" depart="413.00" from="-118609296#1" to="303615123#14"/>
    <trip id="414" depart="414.00" from="35950952#35" to="696204911#0"/>
    <trip id="415" depart="415.00" from="694800619" to="118609188#1"/>
    <trip id="416" depart="416.00" from="300950760#0" to="118609293#3"/>
    <trip id="417" depart="417.00" from="610420095#3" to="-895476846"/>
    <trip id="418" depart="418.00" from="372589049#0" to="-372460855#0"/>
    <trip id="419" depart="419.00" from="118609188#4" to="830713114#2"/>
    <trip id="420" depart="420.00" from="-694512223#3" to="408162778#5"/>
    <trip id="421" depart="421.00" from="372589029#1" to="694551506"/>
    <trip id="422" depart="422.00" from="694512223#1" to="694768223#1"/>
    <trip id="423" depart="423.00" from="-828395771" to="-693342517#2"/>
    <trip id="424" depart="424.00" from="490639807#1" to="675364798#0"/>
    <trip id="425" depart="425.00" from="694768223#4" to="-118609293#0"/>
    <trip id="426" depart="426.00" from="-303615123#11" to="372589037"/>
    <trip id="427" depart="427.00" from="703791944#1" to="896383740#1"/>
    <trip id="428" depart="428.00" from="641093016" to="118570174#1"/>
    <trip id="429" depart="429.00" from="-35950930#1" to="372589049#1"/>
    <trip id="430" depart="430.00" from="694768223#4" to="118609201#0"/>
    <trip id="431" depart="431.00" from="408161669#13" to="698936203#12"/>
    <trip id="432" depart="432.00" from="-118676427#2" to="689583173#2"/>
    <trip id="433" depart="433.00" from="-676491483#1" to="-830713110#13"/>
    <trip id="434" depart="434.00" from="-372204126#1" to="35950914#7"/>
    <trip id="435" depart="435.00" from="35950930#0" to="689583168#0"/>
    <trip id="436" depart="436.00" from="-372460874#1" to="-35950831#3"/>
    <trip id="437" depart="437.00" from="694768223#0" to="372471677#2"/>
    <trip id="438" depart="438.00" from="-408162778#2" to="700940430#1"/>
    <trip id="439" depart="439.00" from="-372201366#1" to="118674601#0"/>
    <trip id="440" depart="440.00" from="-641093017" to="-642048875#3"/>
    <trip id="441" depart="441.00" from="-118568007#0" to="689583177#1"/>
    <trip id="442" depart="442.00" from="697004592" to="408161669#4"/>
    <trip id="443" depart="443.00" from="-372460852" to="118609188#4"/>
    <trip id="444" depart="444.00" from="-694740343" to="372204131#1"/>
    <trip id="445" depart="445.00" from="372471668#1" to="118567888#0"/>
    <trip id="446" depart="446.00" from="-610420095#2" to="694530227#11"/>
    <trip id="447" depart="447.00" from="-374676030#1" to="-830713113#1"/>
    <trip id="448" depart="448.00" from="118609278#2" to="-610420095#0"/>
    <trip id="449" depart="449.00" from="35950951#13" to="371907294#3"/>
    <trip id="450" depart="450.00" from="895478110" to="-676693210#0"/>
    <trip id="451" depart="451.00" from="830713116#9" to="399626766#15"/>
    <trip id="452" depart="452.00" from="-642054372" to="35950952#9"/>
    <trip id="453" depart="453.00" from="404245980#0" to="642048875#3"/>
    <trip id="454" depart="454.00" from="-118685484" to="372460859"/>
    <trip id="455" depart="455.00" from="118676427#3" to="698936203#2"/>
    <trip id="456" depart="456.00" from="-676149873#6" to="689583174#5"/>
    <trip id="457" depart="457.00" from="372191629" to="-759043159"/>
    <trip id="458" depart="458.00" from="372463004#1" to="372471679#0"/>
    <trip id="459" depart="459.00" from="399626766#14" to="624451499#6"/>
    <trip id="460" depart="460.00" from="374676028#0" to="694512223#12"/>
    <trip id="461" depart="461.00" from="372460857#1" to="698936203#12"/>
    <trip id="462" depart="462.00" from="372471681#2" to="-689583178#0"/>
    <trip id="463" depart="463.00" from="-895520503#1" to="372191629"/>
    <trip id="464" depart="464.00" from="624451490#2" to="-35950883#2"/>
    <trip id="465" depart="465.00" from="-676509072#2" to="642054365#0"/>
    <trip id="466" depart="466.00" from="-372471668#3" to="-371907294#0"/>
    <trip id="467" depart="467.00" from="35950831#2" to="830713115#1"/>
    <trip id="468" depart="468.00" from="303615123#4" to="703780448#1"/>
    <trip id="469" depart="469.00" from="693049882" to="-642048875#7"/>
    <trip id="470" depart="470.00" from="689583677#2" to="118777811#7"/>
    <trip id="471" depart="471.00" from="676694655" to="642048875#7"/>
    <trip id="472" depart="472.00" from="-694512223#3" to="-35950952#20"/>
    <trip id="473" depart="473.00" from="830713111#6" to="-372201366#0"/>
    <trip id="474" depart="474.00" from="830713113#1" to="694768223#3"/>
    <trip id="475" depart="475.00" from="610420095#8" to="837325342#5"/>
    <trip id="476" depart="476.00" from="830713113#2" to="689583177#1"/>
    <trip id="477" depart="477.00" from="-698051271" to="676710414"/>
    <trip id="478" depart="478.00" from="-118568009#4" to="35950925#8"/>
    <trip id="479" depart="479.00" from="118567894#3" to="408161669#0"/>
    <trip id="480" depart="480.00" from="399595482#2" to="372201366#0"/>
    <trip id="481" depart="481.00" from="689583178#2" to="830713108#12"/>
    <trip id="482" depart="482.00" from="-35950951#7" to="-408162779#0"/>
    <trip id="483" depart="483.00" from="-118609198#1" to="696692079"/>
    <trip id="484" depart="484.00" from="35950923#2" to="703780449"/>
    <trip id="485" depart="485.00" from="-408157380#3" to="-295449619#0"/>
    <trip id="486" depart="486.00" from="689583677#0" to="699758094#2"/>
    <trip id="487" depart="487.00" from="-676690112#2" to="-895446531"/>
    <trip id="488" depart="488.00" from="-372193087#0" to="830713108#26"/>
    <trip id="489" depart="489.00" from="-676690829#1" to="295408464#2"/>
    <trip id="490" depart="490.00" from="-35950914#8" to="696728852#0"/>
    <trip id="491" depart="491.00" from="-372191360#2" to="118609275#3"/>
    <trip id="492" depart="492.00" from="399595482#12" to="642047580#2"/>
    <trip id="493" depart="493.00" from="830713108#19" to="118564767#2"/>
    <trip id="494" depart="494.00" from="624457036#1" to="-372460855#0"/>
    <trip id="495" depart="495.00" from="-830713114#2" to="-35950930#1"/>
    <trip id="496" depart="496.00" from="118674596#0" to="-895446531"/>
    <trip id="497" depart="497.00" from="830713108#4" to="-118609260#1"/>
    <trip id="498" depart="498.00" from="-700940428#1" to="118609201#0"/>
    <trip id="499" depart="499.00" from="830713108#29" to="694768221#0"/>
    <trip id="500" depart="500.00" from="-35950930#3" to="408162776#1"/>
    <trip id="501" depart="501.00" from="35950845" to="832051898"/>
    <trip id="502" depart="502.00" from="-696724059" to="-832051898"/>
    <trip id="503" depart="503.00" from="-372589040#0" to="-35950952#37"/>
    <trip id="504" depart="504.00" from="693626042#2" to="118609278#2"/>
    <trip id="505" depart="505.00" from="375344070" to="374676030#1"/>
    <trip id="506" depart="506.00" from="371907292#1" to="-118573604#0"/>
    <trip id="507" depart="507.00" from="676509074#0" to="-641093016"/>
    <trip id="508" depart="508.00" from="-371750790" to="35950952#5"/>
    <trip id="509" depart="509.00" from="-303615123#11" to="676149873#9"/>
    <trip id="510" depart="510.00" from="-399626766#1" to="-408161669#11"/>
    <trip id="511" depart="511.00" from="694768222#1" to="-694572780"/>
    <trip id="512" depart="512.00" from="-372220804#0" to="698760600"/>
    <trip id="513" depart="513.00" from="-118567492#0" to="694768222#3"/>
    <trip id="514" depart="514.00" from="-372201367#2" to="-371907292#4"/>
    <trip id="515" depart="515.00" from="-610420095#4" to="-372471680#0"/>
    <trip id="516" depart="516.00" from="374676030#0" to="-118609201#0"/>
    <trip id="517" depart="517.00" from="-118570145" to="676694432#2"/>
    <trip id="518" depart="518.00" from="-408162776#7" to="-694512223#15"/>
    <trip id="519" depart="519.00" from="-372471668#0" to="-118685500#5"/>
    <trip id="520" depart="520.00" from="624457036#0" to="35950914#1"/>
    <trip id="521" depart="521.00" from="641073883#5" to="118688839#4"/>
    <trip id="522" depart="522.00" from="676151425#1" to="35950831#6"/>
    <trip id="523" depart="523.00" from="-35950951#9" to="303615123#5"/>
    <trip id="524" depart="524.00" from="830713108#18" to="-118676357#1"/>
    <trip id="525" depart="525.00" from="676491483#0" to="694838125"/>
    <trip id="526" depart="526.00" from="295408464#4" to="118609300#0"/>
    <trip id="527" depart="527.00" from="830713112#0" to="-146968288#0"/>
    <trip id="528" depart="528.00" from="118609260#0" to="-895412473"/>
    <trip id="529" depart="529.00" from="404245980#1" to="256668740#0"/>
    <trip id="530" depart="530.00" from="698936203#7" to="-303615129#1"/>
    <trip id="531" depart="531.00" from="-35950832#0" to="372460861"/>
    <trip id="532" depart="532.00" from="-295449645" to="-676489597#0"/>
    <trip id="533" depart="533.00" from="372460864" to="35950951#6"/>
    <trip id="534" depart="534.00" from="-693039063#0" to="895518734"/>
    <trip id="535" depart="535.00" from="303615123#3" to="118609275#3"/>
    <trip id="536" depart="536.00" from="372191360#1" to="-35950930#1"/>
    <trip id="537" depart="537.00" from="408161672#0" to="694571227"/>
    <trip id="538" depart="538.00" from="372589032" to="676489597#0"/>
    <trip id="539" depart="539.00" from="610420095#10" to="-408161669#1"/>
    <trip id="540" depart="540.00" from="118567886" to="-408162776#8"/>
    <trip id="541" depart="541.00" from="-694512223#4" to="118609275#3"/>
    <trip id="542" depart="542.00" from="-830713114#5" to="-35950914#16"/>
    <trip id="543" depart="543.00" from="-895412124" to="404245388"/>
    <trip id="544" depart="544.00" from="-754061374" to="-372460845"/>
    <trip id="545" depart="545.00" from="717756676" to="-303615123#1"/>
    <trip id="546" depart="546.00" from="693049884" to="-35950914#12"/>
    <trip id="547" depart="547.00" from="-35950914#6" to="642029118"/>
    <trip id="548" depart="548.00" from="689583173#0" to="35950952#23"/>
    <trip id="549" depart="549.00" from="35950952#26" to="35950952#35"/>
    <trip id="550" depart="550.00" from="-693345154#1" to="-35950952#37"/>
    <trip id="551" depart="551.00" from="-696204911#2" to="404245388"/>
    <trip id="552" depart="552.00" from="641105247" to="695511627#1"/>
    <trip id="553" depart="553.00" from="610420095#11" to="830713114#0"/>
    <trip id="554" depart="554.00" from="371907292#5" to="-759043117"/>
    <trip id="555" depart="555.00" from="35950951#8" to="-408157380#6"/>
    <trip id="556" depart="556.00" from="372589049#4" to="-408161671#6"/>
    <trip id="557" depart="557.00" from="-35950951#7" to="694530227#11"/>
    <trip id="558" depart="558.00" from="-698052720#0" to="676149873#2"/>
    <trip id="559" depart="559.00" from="35950951#19" to="689583237#0"/>
    <trip id="560" depart="560.00" from="693558194" to="830713116#5"/>
    <trip id="561" depart="561.00" from="689583176#3" to="372463004#0"/>
    <trip id="562" depart="562.00" from="372471677#2" to="-118609201#1"/>
    <trip id="563" depart="563.00" from="717756679#7" to="693626041#0"/>
    <trip id="564" depart="564.00" from="-642047575" to="-372589031"/>
    <trip id="565" depart="565.00" from="408161672#2" to="-689583178#0"/>
    <trip id="566" depart="566.00" from="-694512223#6" to="-118567888#0"/>
    <trip id="567" depart="567.00" from="694768222#1" to="371750790"/>
    <trip id="568" depart="568.00" from="-830713110#3" to="-372201367#0"/>
    <trip id="569" depart="569.00" from="372460868" to="-118609258#0"/>
    <trip id="570" depart="570.00" from="641073883#6" to="-408161669#1"/>
    <trip id="571" depart="571.00" from="-830713116#4" to="-697004592"/>
    <trip id="572" depart="572.00" from="-700940428#0" to="624451499#7"/>
    <trip id="573" depart="573.00" from="676149873#8" to="371906754#2"/>
    <trip id="574" depart="574.00" from="-35950850#2" to="-118685500#5"/>
    <trip id="575" depart="575.00" from="-372460851" to="372471671#0"/>
    <trip id="576" depart="576.00" from="399595482#6" to="-676151425#2"/>
    <trip id="577" depart="577.00" from="375344069#0" to="149699498#5"/>
    <trip id="578" depart="578.00" from="-895533151" to="-676489596#0"/>
    <trip id="579" depart="579.00" from="642035006#0" to="-35950952#18"/>
    <trip id="580" depart="580.00" from="-895444721#1" to="-676509078#4"/>
    <trip id="581" depart="581.00" from="399626766#16" to="149699498#7"/>
    <trip id="582" depart="582.00" from="39354228#2" to="-118676404#1"/>
    <trip id="583" depart="583.00" from="-830713108#6" to="372460851"/>
    <trip id="584" depart="584.00" from="-118567894#0" to="-689583168#1"/>
    <trip id="585" depart="585.00" from="-399626766#4" to="-372191629"/>
    <trip id="586" depart="586.00" from="-641097559#2" to="-694571226#1"/>
    <trip id="587" depart="587.00" from="-118567894#0" to="642049988"/>
    <trip id="588" depart="588.00" from="-372471668#3" to="-830713111#4"/>
    <trip id="589" depart="589.00" from="408161672#4" to="303615123#1"/>
    <trip id="590" depart="590.00" from="693104423#0" to="689583178#3"/>
    <trip id="591" depart="591.00" from="-303615123#7" to="694800618"/>
    <trip id="592" depart="592.00" from="-118676357#1" to="-118572443#2"/>
    <trip id="593" depart="593.00" from="703791944#1" to="694800619"/>
    <trip id="594" depart="594.00" from="35950951#3" to="371907292#9"/>
    <trip id="595" depart="595.00" from="408162778#10" to="-904930714"/>
    <trip id="596" depart="596.00" from="-35950952#21" to="-118573599"/>
    <trip id="597" depart="597.00" from="-692315770" to="689583176#2"/>
    <trip id="598" depart="598.00" from="372220804#5" to="693626042#4"/>
    <trip id="599" depart="599.00" from="703791943#1" to="-35950875#0"/>
    <trip id="600" depart="600.00" from="693416738" to="-641074760"/>
    <trip id="601" depart="601.00" from="35950952#31" to="35950883#2"/>
    <trip id="602" depart="602.00" from="-830713108#7" to="-689583178#3"/>
    <trip id="603" depart="603.00" from="-694512223#5" to="-694817191"/>
    <trip id="604" depart="604.00" from="-372460865" to="35950831#0"/>
    <trip id="605" depart="605.00" from="-35950952#2" to="344697593#0"/>
    <trip id="606" depart="606.00" from="698936203#0" to="-754061372"/>
    <trip id="607" depart="607.00" from="624451485#3" to="693345153"/>
    <trip id="608" depart="608.00" from="689583174#4" to="-488194348#0"/>
    <trip id="609" depart="609.00" from="-372204131#2" to="-39354228#5"/>
    <trip id="610" depart="610.00" from="371907294#0" to="676149873#1"/>
    <trip id="611" depart="611.00" from="372589049#1" to="-372471683#0"/>
    <trip id="612" depart="612.00" from="676149873#11" to="295408465#1"/>
    <trip id="613" depart="613.00" from="642035005" to="676149873#1"/>
    <trip id="614" depart="614.00" from="118567492#1" to="717756679#3"/>
    <trip id="615" depart="615.00" from="35950925#6" to="372589049#4"/>
    <trip id="616" depart="616.00" from="372460855#0" to="694808615#3"/>
    <trip id="617" depart="617.00" from="372460856#1" to="-372220805#4"/>
    <trip id="618" depart="618.00" from="-303615123#11" to="118609188#6"/>
    <trip id="619" depart="619.00" from="-676690823#1" to="-676489596#3"/>
    <trip id="620" depart="620.00" from="-118688839#5" to="343236557#0"/>
    <trip id="621" depart="621.00" from="-676694430" to="118609271#1"/>
    <trip id="622" depart="622.00" from="-118688839#7" to="693626042#3"/>
    <trip id="623" depart="623.00" from="-344697593#0" to="694808615#3"/>
    <trip id="624" depart="624.00" from="694512223#2" to="372463006#1"/>
    <trip id="625" depart="625.00" from="118691728#1" to="118676357#1"/>
    <trip id="626" depart="626.00" from="35950914#1" to="689583167#2"/>
    <trip id="627" depart="627.00" from="696728852#0" to="118609258#1"/>
    <trip id="628" depart="628.00" from="689583170#0" to="399595482#2"/>
    <trip id="629" depart="629.00" from="-689583178#2" to="118688839#3"/>
    <trip id="630" depart="630.00" from="-372220804#8" to="-239695565#1"/>
    <trip id="631" depart="631.00" from="-35950951#15" to="698052720#0"/>
    <trip id="632" depart="632.00" from="-694571226#1" to="624451490#2"/>
    <trip id="633" depart="633.00" from="118688839#2" to="-372471677#2"/>
    <trip id="634" depart="634.00" from="-610420095#0" to="118572446"/>
    <trip id="635" depart="635.00" from="-895517180" to="35950875#1"/>
    <trip id="636" depart="636.00" from="-372460854" to="-830713110#0"/>
    <trip id="637" depart="637.00" from="-676149873#11" to="-895451365"/>
    <trip id="638" depart="638.00" from="-694512223#2" to="372460846"/>
    <trip id="639" depart="639.00" from="676509078#2" to="39354228#2"/>
    <trip id="640" depart="640.00" from="-300950760#0" to="-35950914#15"/>
    <trip id="641" depart="641.00" from="399626766#15" to="-676509078#6"/>
    <trip id="642" depart="642.00" from="610420095#6" to="399626766#11"/>
    <trip id="643" depart="643.00" from="698936203#1" to="696348475"/>
    <trip id="644" depart="644.00" from="-694297236" to="372201357"/>
    <trip id="645" depart="645.00" from="-372201360" to="-759043116#0"/>
    <trip id="646" depart="646.00" from="830713113#3" to="490639803#0"/>
    <trip id="647" depart="647.00" from="-830713108#26" to="372222431"/>
    <trip id="648" depart="648.00" from="828395773#1" to="-689583178#1"/>
    <trip id="649" depart="649.00" from="-759043158" to="689583167#2"/>
    <trip id="650" depart="650.00" from="689583173#3" to="408157380#4"/>
    <trip id="651" depart="651.00" from="692315772" to="642029118"/>
    <trip id="652" depart="652.00" from="404245979" to="35950914#10"/>
    <trip id="653" depart="653.00" from="372471681#1" to="118567495#3"/>
    <trip id="654" depart="654.00" from="-696991611#1" to="-830713108#15"/>
    <trip id="655" depart="655.00" from="-372471680#0" to="-408157383"/>
    <trip id="656" depart="656.00" from="830713108#22" to="149699498#6"/>
    <trip id="657" depart="657.00" from="-408161669#13" to="-372193085#0"/>
    <trip id="658" depart="658.00" from="-344697593#1" to="694530227#1"/>
    <trip id="659" depart="659.00" from="-35950951#1" to="676491483#0"/>
    <trip id="660" depart="660.00" from="693342517#2" to="696686428"/>
    <trip id="661" depart="661.00" from="-118609300#0" to="-696204911#5"/>
    <trip id="662" depart="662.00" from="657571086#3" to="-371907292#7"/>
    <trip id="663" depart="663.00" from="-759043158" to="-372460862"/>
    <trip id="664" depart="664.00" from="693049883#1" to="676491483#1"/>
    <trip id="665" depart="665.00" from="689583168#0" to="-372460874#3"/>
    <trip id="666" depart="666.00" from="-895482654#1" to="-895478781#0"/>
    <trip id="667" depart="667.00" from="399626766#10" to="-610420095#1"/>
    <trip id="668" depart="668.00" from="-896418273#1" to="-676510446"/>
    <trip id="669" depart="669.00" from="641097559#1" to="118609224#1"/>
    <trip id="670" depart="670.00" from="303615133" to="-689583178#1"/>
    <trip id="671" depart="671.00" from="689583167#3" to="118676447#1"/>
    <trip id="672" depart="672.00" from="693342517#2" to="-830713108#27"/>
    <trip id="673" depart="673.00" from="830713108#21" to="895444722"/>
    <trip id="674" depart="674.00" from="118570185" to="-676509078#0"/>
    <trip id="675" depart="675.00" from="-830570941" to="35950914#13"/>
    <trip id="676" depart="676.00" from="830713113#0" to="693104423#1"/>
    <trip id="677" depart="677.00" from="676691456#2" to="-372193085#2"/>
    <trip id="678" depart="678.00" from="-610420095#2" to="374676030#0"/>
    <trip id="679" depart="679.00" from="694800619" to="35950952#19"/>
    <trip id="680" depart="680.00" from="-35950951#13" to="694530227#13"/>
    <trip id="681" depart="681.00" from="694511395#0" to="-676510446"/>
    <trip id="682" depart="682.00" from="642054375#0" to="-676489595"/>
    <trip id="683" depart="683.00" from="698762088" to="-372220804#3"/>
    <trip id="684" depart="684.00" from="-895478781#1" to="830713108#26"/>
    <trip id="685" depart="685.00" from="-408157380#5" to="118609260#1"/>
    <trip id="686" depart="686.00" from="-694800618" to="-118609204#0"/>
    <trip id="687" depart="687.00" from="-118685527" to="303615123#13"/>
    <trip id="688" depart="688.00" from="-408162776#2" to="895518734"/>
    <trip id="689" depart="689.00" from="-759043116#0" to="-118609204#4"/>
    <trip id="690" depart="690.00" from="754061371" to="694512223#14"/>
    <trip id="691" depart="691.00" from="372589030" to="689583167#1"/>
    <trip id="692" depart="692.00" from="-372191628#1" to="-676690112#1"/>
    <trip id="693" depart="693.00" from="693041585" to="408162779#4"/>
    <trip id="694" depart="694.00" from="-372193085#1" to="610420095#6"/>
    <trip id="695" depart="695.00" from="118567492#0" to="-118567495#3"/>
    <trip id="696" depart="696.00" from="-35950831#4" to="-642048875#5"/>
    <trip id="697" depart="697.00" from="693342517#1" to="35950951#7"/>
    <trip id="698" depart="698.00" from="624451485#3" to="35950914#14"/>
    <trip id="699" depart="699.00" from="-35950952#12" to="-676690822"/>
    <trip id="700" depart="700.00" from="-676690112#0" to="-118676427#2"/>
    <trip id="701" depart="701.00" from="-830713116#4" to="689583170#1"/>
    <trip id="702" depart="702.00" from="118568008#3" to="-35950952#11"/>
    <trip id="703" depart="703.00" from="698760600" to="372433420#3"/>
    <trip id="704" depart="704.00" from="-118570185" to="35950835#1"/>
    <trip id="705" depart="705.00" from="-408162778#5" to="-372204126#1"/>
    <trip id="706" depart="706.00" from="-895444014" to="372463006#0"/>
    <trip id="707" depart="707.00" from="-408162778#2" to="-896383740#1"/>
    <trip id="708" depart="708.00" from="375346548#3" to="-35950850#3"/>
    <trip id="709" depart="709.00" from="830713116#0" to="-303615123#10"/>
    <trip id="710" depart="710.00" from="300950760#0" to="343236557#0"/>
    <trip id="711" depart="711.00" from="895444724#0" to="35950952#18"/>
    <trip id="712" depart="712.00" from="-830713108#22" to="118685500#0"/>
    <trip id="713" depart="713.00" from="372460874#3" to="895410822"/>
    <trip id="714" depart="714.00" from="-624451484#1" to="-118570185"/>
    <trip id="715" depart="715.00" from="676509078#1" to="-700940426"/>
    <trip id="716" depart="716.00" from="624451490#3" to="372589031"/>
    <trip id="717" depart="717.00" from="675364798#1" to="641149052"/>
    <trip id="718" depart="718.00" from="-693798191#0" to="-118676395#0"/>
    <trip id="719" depart="719.00" from="35950850#1" to="693041585"/>
    <trip id="720" depart="720.00" from="-372471668#2" to="676690112#0"/>
    <trip id="721" depart="721.00" from="118572443#3" to="408162779#2"/>
    <trip id="722" depart="722.00" from="372460861" to="689584199#5"/>
    <trip id="723" depart="723.00" from="-295449619#0" to="676509078#3"/>
    <trip id="724" depart="724.00" from="118568009#0" to="-676691455#3"/>
    <trip id="725" depart="725.00" from="-118676404#0" to="-399626766#11"/>
    <trip id="726" depart="726.00" from="-118674601#3" to="828395770#0"/>
    <trip id="727" depart="727.00" from="149699498#8" to="895451365"/>
    <trip id="728" depart="728.00" from="35950832#3" to="-642047580#1"/>
    <trip id="729" depart="729.00" from="641149055#1" to="-375344069#0"/>
    <trip id="730" depart="730.00" from="-696701808" to="676690823#1"/>
    <trip id="731" depart="731.00" from="694551504" to="-694800617"/>
    <trip id="732" depart="732.00" from="-35950952#7" to="-830713108#28"/>
    <trip id="733" depart="733.00" from="696348480" to="642047580#2"/>
    <trip id="734" depart="734.00" from="696700362" to="-830713113#5"/>
    <trip id="735" depart="735.00" from="830713115#1" to="295449619#1"/>
    <trip id="736" depart="736.00" from="118676441#1" to="717756679#3"/>
    <trip id="737" depart="737.00" from="256668740#3" to="689583176#1"/>
    <trip id="738" depart="738.00" from="624451485#3" to="-35950831#3"/>
    <trip id="739" depart="739.00" from="371907294#0" to="693366433#1"/>
    <trip id="740" depart="740.00" from="35950847#1" to="-694512223#0"/>
    <trip id="741" depart="741.00" from="-35950831#6" to="399626766#7"/>
    <trip id="742" depart="742.00" from="-676691456#0" to="372460855#4"/>
    <trip id="743" depart="743.00" from="-895408838" to="408162778#0"/>
    <trip id="744" depart="744.00" from="-694820229" to="-118674601#3"/>
    <trip id="745" depart="745.00" from="694768222#2" to="-759043159"/>
    <trip id="746" depart="746.00" from="896383740#0" to="-676489596#3"/>
    <trip id="747" depart="747.00" from="832051898" to="830713108#3"/>
    <trip id="748" depart="748.00" from="-343236557#1" to="373000241#1"/>
    <trip id="749" depart="749.00" from="-697797454" to="689583176#1"/>
    <trip id="750" depart="750.00" from="399626766#3" to="830713110#10"/>
    <trip id="751" depart="751.00" from="-372201366#0" to="372460860#2"/>
    <trip id="752" depart="752.00" from="676489597#0" to="-118609275#2"/>
    <trip id="753" depart="753.00" from="-300950760#3" to="676690111#0"/>
    <trip id="754" depart="754.00" from="-698052686" to="-830713112#2"/>
    <trip id="755" depart="755.00" from="35950930#4" to="372460857#2"/>
    <trip id="756" depart="756.00" from="399626766#2" to="830713108#4"/>
    <trip id="757" depart="757.00" from="-700940430#1" to="676149873#4"/>
    <trip id="758" depart="758.00" from="35950951#18" to="35950914#3"/>
    <trip id="759" depart="759.00" from="-830713110#1" to="399595482#10"/>
    <trip id="760" depart="760.00" from="-610420095#12" to="-35950952#17"/>
    <trip id="761" depart="761.00" from="624451498#0" to="300950760#1"/>
    <trip id="762" depart="762.00" from="-830713108#14" to="35950952#35"/>
    <trip id="763" depart="763.00" from="-641149055#0" to="-642059110#0"/>
    <trip id="764" depart="764.00" from="118564767#1" to="895530656"/>
    <trip id="765" depart="765.00" from="-676149873#5" to="703791943#2"/>
    <trip id="766" depart="766.00" from="118674601#3" to="-35950952#38"/>
    <trip id="767" depart="767.00" from="694512223#10" to="118609271#1"/>
    <trip id="768" depart="768.00" from="696943479#0" to="118609204#2"/>
    <trip id="769" depart="769.00" from="-35950850#9" to="408161671#5"/>
    <trip id="770" depart="770.00" from="693558195#0" to="-693393715"/>
    <trip id="771" depart="771.00" from="-694768223#2" to="-295449633#0"/>
    <trip id="772" depart="772.00" from="35950832#1" to="696943479#0"/>
    <trip id="773" depart="773.00" from="694511395#0" to="624451486#3"/>
    <trip id="774" depart="774.00" from="717756679#2" to="373000241#1"/>
    <trip id="775" depart="775.00" from="676690112#2" to="343237264#0"/>
    <trip id="776" depart="776.00" from="-35950952#36" to="-399626766#15"/>
    <trip id="777" depart="777.00" from="-372193085#1" to="676710414"/>
    <trip id="778" depart="778.00" from="-118609204#0" to="35950952#18"/>
    <trip id="779" depart="779.00" from="-698768064" to="689583176#8"/>
    <trip id="780" depart="780.00" from="35950883#1" to="372460874#1"/>
    <trip id="781" depart="781.00" from="-35950850#5" to="-689583178#1"/>
    <trip id="782" depart="782.00" from="896418273#0" to="624451499#0"/>
    <trip id="783" depart="783.00" from="295449645" to="676489597#1"/>
    <trip id="784" depart="784.00" from="689583178#4" to="-303615142"/>
    <trip id="785" depart="785.00" from="830713114#5" to="375344069#1"/>
    <trip id="786" depart="786.00" from="118567495#0" to="408161671#0"/>
    <trip id="787" depart="787.00" from="-694572780" to="696348478"/>
    <trip id="788" depart="788.00" from="676489596#1" to="374676028#1"/>
    <trip id="789" depart="789.00" from="-372471681#2" to="830713113#4"/>
    <trip id="790" depart="790.00" from="-895446529" to="700940428#0"/>
    <trip id="791" depart="791.00" from="-118688839#4" to="-35950952#5"/>
    <trip id="792" depart="792.00" from="-372222431" to="-372460874#0"/>
    <trip id="793" depart="793.00" from="-689583677#0" to="624451485#4"/>
    <trip id="794" depart="794.00" from="-694742192" to="830713108#13"/>
    <trip id="795" depart="795.00" from="696701808" to="694530227#13"/>
    <trip id="796" depart="796.00" from="-610420095#4" to="372589049#4"/>
    <trip id="797" depart="797.00" from="35950875#2" to="-35950952#7"/>
    <trip id="798" depart="798.00" from="-676690823#1" to="35950923#3"/>
    <trip id="799" depart="799.00" from="118685500#8" to="-372471668#0"/>
    <trip id="800" depart="800.00" from="830713108#0" to="-372460853"/>
    <trip id="801" depart="801.00" from="373000241#1" to="624451499#5"/>
    <trip id="802" depart="802.00" from="372191360#0" to="694512223#8"/>
    <trip id="803" depart="803.00" from="35950925#3" to="693406006#1"/>
    <trip id="804" depart="804.00" from="-118609204#5" to="-118676404#1"/>
    <trip id="805" depart="805.00" from="372471676" to="372191360#1"/>
    <trip id="806" depart="806.00" from="372589032" to="676489595"/>
    <trip id="807" depart="807.00" from="-830713114#6" to="374676026"/>
    <trip id="808" depart="808.00" from="118676447#0" to="372589029#0"/>
    <trip id="809" depart="809.00" from="-676489596#1" to="830713110#7"/>
    <trip id="810" depart="810.00" from="118609278#2" to="689583177#1"/>
    <trip id="811" depart="811.00" from="404244856" to="-676694429#1"/>
    <trip id="812" depart="812.00" from="-303615123#9" to="-118777811#6"/>
    <trip id="813" depart="813.00" from="-895517513" to="149699498#1"/>
    <trip id="814" depart="814.00" from="-375346559" to="372460860#0"/>
    <trip id="815" depart="815.00" from="-676710414" to="624451498#2"/>
    <trip id="816" depart="816.00" from="624451494#1" to="694768223#5"/>
    <trip id="817" depart="817.00" from="830713116#2" to="-371907292#6"/>
    <trip id="818" depart="818.00" from="-700940429#0" to="35950952#35"/>
    <trip id="819" depart="819.00" from="-689583176#4" to="118676427#2"/>
    <trip id="820" depart="820.00" from="-642047575" to="-641109023#2"/>
    <trip id="821" depart="821.00" from="-35950914#7" to="-676690828"/>
    <trip id="822" depart="822.00" from="-830570948" to="372463006#2"/>
    <trip id="823" depart="823.00" from="-610420095#1" to="694817190"/>
    <trip id="824" depart="824.00" from="-372460855#1" to="-694551504"/>
    <trip id="825" depart="825.00" from="35950951#8" to="-689583677#4"/>
    <trip id="826" depart="826.00" from="642054375#0" to="295449645"/>
    <trip id="827" depart="827.00" from="149699498#7" to="300950760#0"/>
    <trip id="828" depart="828.00" from="-676693210#1" to="-118609188#2"/>
    <trip id="829" depart="829.00" from="830713108#17" to="303615123#9"/>
    <trip id="830" depart="830.00" from="830713113#10" to="-408161669#1"/>
    <trip id="831" depart="831.00" from="-696204911#1" to="-118685500#0"/>
    <trip id="832" depart="832.00" from="118676404#2" to="696461022#1"/>
    <trip id="833" depart="833.00" from="372589047#0" to="118685500#1"/>
    <trip id="834" depart="834.00" from="343237264#0" to="694530227#16"/>
    <trip id="835" depart="835.00" from="-895444724#1" to="696461022#1"/>
    <trip id="836" depart="836.00" from="624451485#4" to="676149873#6"/>
    <trip id="837" depart="837.00" from="-698051271" to="-837325342#5"/>
    <trip id="838" depart="838.00" from="35950951#1" to="-375346555"/>
    <trip id="839" depart="839.00" from="35950887" to="-303615142"/>
    <trip id="840" depart="840.00" from="118688839#2" to="676149873#7"/>
    <trip id="841" depart="841.00" from="-673151208#0" to="895451365"/>
    <trip id="842" depart="842.00" from="399626766#5" to="-35950952#29"/>
    <trip id="843" depart="843.00" from="830713116#1" to="-830713116#3"/>
    <trip id="844" depart="844.00" from="676690823#0" to="-696735383#0"/>
    <trip id="845" depart="845.00" from="830570938" to="673151177#0"/>
    <trip id="846" depart="846.00" from="-374676030#0" to="343237264#1"/>
    <trip id="847" depart="847.00" from="118685500#2" to="-118676404#0"/>
    <trip id="848" depart="848.00" from="-372191628#0" to="-694817191"/>
    <trip id="849" depart="849.00" from="118609204#4" to="118609293#3"/>
    <trip id="850" depart="850.00" from="372191628#0" to="35950835#1"/>
    <trip id="851" depart="851.00" from="-693342517#0" to="372460874#4"/>
    <trip id="852" depart="852.00" from="-372460857#0" to="895468739"/>
    <trip id="853" depart="853.00" from="624451499#6" to="-676694432#2"/>
    <trip id="854" depart="854.00" from="-694512223#11" to="693558195#0"/>
    <trip id="855" depart="855.00" from="303615123#8" to="624451485#2"/>
    <trip id="856" depart="856.00" from="-676509079" to="693052281"/>
    <trip id="857" depart="857.00" from="-698052912" to="408161669#10"/>
    <trip id="858" depart="858.00" from="832051897" to="372201364#0"/>
    <trip id="859" depart="859.00" from="676690828" to="641073883#0"/>
    <trip id="860" depart="860.00" from="408157380#10" to="-118609204#0"/>
    <trip id="861" depart="861.00" from="118609204#6" to="830713113#7"/>
    <trip id="862" depart="862.00" from="676489597#4" to="676509078#3"/>
    <trip id="863" depart="863.00" from="35950951#7" to="624451499#7"/>
    <trip id="864" depart="864.00" from="35950952#2" to="-372471671#1"/>
    <trip id="865" depart="865.00" from="372460858#0" to="372471677#2"/>
    <trip id="866" depart="866.00" from="693406005" to="-372220804#4"/>
    <trip id="867" depart="867.00" from="399626766#6" to="-118609258#2"/>
    <trip id="868" depart="868.00" from="830713108#23" to="-35950952#0"/>
    <trip id="869" depart="869.00" from="-118572443#3" to="-693039063#0"/>
    <trip id="870" depart="870.00" from="-372220805#1" to="408162778#10"/>
    <trip id="871" depart="871.00" from="-830713113#10" to="676509076#1"/>
    <trip id="872" depart="872.00" from="703791944#0" to="696348474"/>
    <trip id="873" depart="873.00" from="624451498#0" to="-239695565#2"/>
    <trip id="874" depart="874.00" from="-372191629" to="-404244308"/>
    <trip id="875" depart="875.00" from="-692315772" to="399630441#0"/>
    <trip id="876" depart="876.00" from="295449633#0" to="-693039063#0"/>
    <trip id="877" depart="877.00" from="-372463006#1" to="700940430#0"/>
    <trip id="878" depart="878.00" from="-694551504" to="-828395770#1"/>
    <trip id="879" depart="879.00" from="676149873#1" to="624451499#6"/>
    <trip id="880" depart="880.00" from="372471679#0" to="408162778#7"/>
    <trip id="881" depart="881.00" from="372194521" to="-375346548#0"/>
    <trip id="882" depart="882.00" from="-488194348#0" to="35950952#27"/>
    <trip id="883" depart="883.00" from="-408161669#1" to="830713116#1"/>
    <trip id="884" depart="884.00" from="-676509078#2" to="-676690824#0"/>
    <trip id="885" depart="885.00" from="-399626766#1" to="610420095#5"/>
    <trip id="886" depart="886.00" from="-689583174#5" to="-754061371"/>
    <trip id="887" depart="887.00" from="759043117" to="689583173#0"/>
    <trip id="888" depart="888.00" from="-642054365#1" to="-35950952#36"/>
    <trip id="889" depart="889.00" from="399626766#11" to="-830713111#3"/>
    <trip id="890" depart="890.00" from="832051898" to="693342517#1"/>
    <trip id="891" depart="891.00" from="830713109#1" to="689583177#1"/>
    <trip id="892" depart="892.00" from="-676489596#3" to="-676690113"/>
    <trip id="893" depart="893.00" from="408162779#1" to="-700940429#0"/>
    <trip id="894" depart="894.00" from="-895533151" to="-642048875#6"/>
    <trip id="895" depart="895.00" from="118609260#0" to="-399626766#3"/>
    <trip id="896" depart="896.00" from="35950831#0" to="828395769#1"/>
    <trip id="897" depart="897.00" from="408161669#3" to="-372191629"/>
    <trip id="898" depart="898.00" from="372204133#1" to="372204126#0"/>
    <trip id="899" depart="899.00" from="-408162778#6" to="408157380#3"/>
    <trip id="900" depart="900.00" from="303615123#4" to="373009315"/>
    <trip id="901" depart="901.00" from="-118685500#7" to="-895488887"/>
    <trip id="902" depart="902.00" from="490639804#0" to="-35950930#5"/>
    <trip id="903" depart="903.00" from="673151210#0" to="-118567495#2"/>
    <trip id="904" depart="904.00" from="35950875#0" to="759043116#0"/>
    <trip id="905" depart="905.00" from="-830713111#8" to="828395773#1"/>
    <trip id="906" depart="906.00" from="695040499" to="118688839#7"/>
    <trip id="907" depart="907.00" from="-374676030#1" to="830713113#0"/>
    <trip id="908" depart="908.00" from="-689583178#2" to="375346556"/>
    <trip id="909" depart="909.00" from="698936203#2" to="-35950883#0"/>
    <trip id="910" depart="910.00" from="35950951#19" to="35950925#4"/>
    <trip id="911" depart="911.00" from="610420095#5" to="830570942#0"/>
    <trip id="912" depart="912.00" from="699758094#2" to="-372471680#1"/>
    <trip id="913" depart="913.00" from="696204911#4" to="-372471681#0"/>
    <trip id="914" depart="914.00" from="703791943#0" to="896383740#0"/>
    <trip id="915" depart="915.00" from="-830713109#0" to="295408465#4"/>
    <trip id="916" depart="916.00" from="828395771" to="830713112#0"/>
    <trip id="917" depart="917.00" from="717756679#0" to="696348477#0"/>
    <trip id="918" depart="918.00" from="-118568007#0" to="371907292#0"/>
    <trip id="919" depart="919.00" from="-35950951#5" to="895436419#0"/>
    <trip id="920" depart="920.00" from="-676149873#2" to="895451365"/>
    <trip id="921" depart="921.00" from="35950835#0" to="295408464#5"/>
    <trip id="922" depart="922.00" from="828395777" to="694551504"/>
    <trip id="923" depart="923.00" from="118609188#0" to="-375346548#2"/>
    <trip id="924" depart="924.00" from="-35950952#16" to="-372460863"/>
    <trip id="925" depart="925.00" from="118568009#3" to="-642048876"/>
    <trip id="926" depart="926.00" from="-372589030" to="641149055#1"/>
    <trip id="927" depart="927.00" from="676509078#6" to="371906754#2"/>
    <trip id="928" depart="928.00" from="642048875#0" to="-372471680#2"/>
    <trip id="929" depart="929.00" from="694512223#4" to="697813777"/>
    <trip id="930" depart="930.00" from="689584199#3" to="35950835#1"/>
    <trip id="931" depart="931.00" from="-35950850#7" to="408157380#2"/>
    <trip id="932" depart="932.00" from="-372472124#1" to="-372201366#0"/>
    <trip id="933" depart="933.00" from="-689583677#3" to="-641109023#2"/>
    <trip id="934" depart="934.00" from="-641149052" to="-408162779#4"/>
    <trip id="935" depart="935.00" from="641402364" to="830713110#13"/>
    <trip id="936" depart="936.00" from="-676690112#2" to="624451500"/>
    <trip id="937" depart="937.00" from="-118568008#3" to="399595482#6"/>
    <trip id="938" depart="938.00" from="408161669#10" to="-239695565#1"/>
    <trip id="939" depart="939.00" from="-35950952#29" to="-689583176#3"/>
    <trip id="940" depart="940.00" from="-830713111#4" to="303615123#2"/>
    <trip id="941" depart="941.00" from="696701808" to="610420095#12"/>
    <trip id="942" depart="942.00" from="-676694431" to="-35950952#26"/>
    <trip id="943" depart="943.00" from="700940430#1" to="-676691456#3"/>
    <trip id="944" depart="944.00" from="372204131#2" to="-408161669#3"/>
    <trip id="945" depart="945.00" from="-372013197#0" to="-372460848"/>
    <trip id="946" depart="946.00" from="641097558" to="372460858#1"/>
    <trip id="947" depart="947.00" from="-830713114#4" to="35950951#8"/>
    <trip id="948" depart="948.00" from="118609198#0" to="35950930#1"/>
    <trip id="949" depart="949.00" from="375346548#3" to="-408161669#17"/>
    <trip id="950" depart="950.00" from="-488194349" to="673151177#0"/>
    <trip id="951" depart="951.00" from="694768223#5" to="-35950832#2"/>
    <trip id="952" depart="952.00" from="118564767#2" to="610420095#2"/>
    <trip id="953" depart="953.00" from="-35950831#1" to="35950952#40"/>
    <trip id="954" depart="954.00" from="-239695565#0" to="35950951#4"/>
    <trip id="955" depart="955.00" from="118688839#5" to="371907292#8"/>
    <trip id="956" depart="956.00" from="-372220804#6" to="-694571226#1"/>
    <trip id="957" depart="957.00" from="295408464#2" to="-35950952#23"/>
    <trip id="958" depart="958.00" from="-39354228#3" to="372201360"/>
    <trip id="959" depart="959.00" from="-35950887" to="344697593#1"/>
    <trip id="960" depart="960.00" from="689583167#3" to="118609275#3"/>
    <trip id="961" depart="961.00" from="149699498#3" to="118609293#3"/>
    <trip id="962" depart="962.00" from="-118777811#0" to="118674601#3"/>
    <trip id="963" depart="963.00" from="676710414" to="624451501"/>
    <trip id="964" depart="964.00" from="-830713108#8" to="693069683"/>
    <trip id="965" depart="965.00" from="641073883#5" to="372191361#1"/>
    <trip id="966" depart="966.00" from="-118676404#3" to="-698052720#0"/>
    <trip id="967" depart="967.00" from="-295449619#1" to="895517513"/>
    <trip id="968" depart="968.00" from="810398526" to="-303615123#13"/>
    <trip id="969" depart="969.00" from="759043158" to="-118609258#3"/>
    <trip id="970" depart="970.00" from="-830713112#3" to="676489597#0"/>
    <trip id="971" depart="971.00" from="657571086#2" to="837325342#1"/>
    <trip id="972" depart="972.00" from="372471681#0" to="118567489#1"/>
    <trip id="973" depart="973.00" from="895478781#0" to="-830713112#1"/>
    <trip id="974" depart="974.00" from="694768222#1" to="698936203#8"/>
    <trip id="975" depart="975.00" from="-759043116#2" to="408161671#6"/>
    <trip id="976" depart="976.00" from="375344069#0" to="35950930#5"/>
    <trip id="977" depart="977.00" from="372589037" to="-700940430#1"/>
    <trip id="978" depart="978.00" from="-372471678#0" to="35950930#0"/>
    <trip id="979" depart="979.00" from="303615123#12" to="641073883#6"/>
    <trip id="980" depart="980.00" from="-408157380#6" to="-118567492#1"/>
    <trip id="981" depart="981.00" from="-118609188#2" to="-676694431"/>
    <trip id="982" depart="982.00" from="399595482#5" to="35950951#16"/>
    <trip id="983" depart="983.00" from="303615123#7" to="693406003#0"/>
    <trip id="984" depart="984.00" from="-488194349" to="-700940428#1"/>
    <trip id="985" depart="985.00" from="-642054375#0" to="830570942#2"/>
    <trip id="986" depart="986.00" from="624451484#0" to="-35950952#15"/>
    <trip id="987" depart="987.00" from="689583168#1" to="118564767#2"/>
    <trip id="988" depart="988.00" from="657571086#3" to="696686428"/>
    <trip id="989" depart="989.00" from="-118570174#0" to="-404244075#0"/>
    <trip id="990" depart="990.00" from="-35950951#1" to="-118609271#1"/>
    <trip id="991" depart="991.00" from="371907292#11" to="610420095#12"/>
    <trip id="992" depart="992.00" from="-118685416" to="642035006#0"/>
    <trip id="993" depart="993.00" from="-830713110#7" to="-408162779#1"/>
    <trip id="994" depart="994.00" from="-404245979" to="694808615#2"/>
    <trip id="995" depart="995.00" from="-118688839#6" to="303615123#5"/>
    <trip id="996" depart="996.00" from="-676489596#0" to="693052281"/>
    <trip id="997" depart="997.00" from="624451490#0" to="-693346213"/>
    <trip id="998" depart="998.00" from="371907292#11" to="408157383"/>
    <trip id="999" depart="999.00" from="-689583176#8" to="-689583170#0"/>
</routes>
